ec_number,uniprot,organism,substrate_kinetics,temperature,clean_mut_wt,pH,kcat_mut,select_key,Km_mut,select_key_1,kcat_wt,Km_wt,dG_mut,dG_wt,ddG,dG_kcat_mut,dG_kcat_wt,ddG_kcat,dG_km_mut,dG_km_wt,ddG_km,ddG_ts_bind,ddG_kcat_gr,ddG_km_gr,ddG_ts_bind_gr,wt,mut,wt_aa,mut_aa,mut_aa_type,wt_aa_type,uniprot_webstie.x,PDB_ID,chainID,Active Site,chain_n_res,Resolution,pdb_chain,auth_as,PDB_website,uniprot_webstie.y,Unnamed: 42,Unnamed: 43,Unnamed: 44,Unnamed: 45,Unnamed: 46,Unnamed: 47
2.1.1.303,Q84HC8,STREPTOMYCES CARZINOSTATICUS,"2,7-DIHYDROXY-5-METHYL-1-NAPHTHOATE",298.15,R11W,7.5,0.01,"2.1.1.303_Q84HC8_STREPTOMYCES CARZINOSTATICUS_2,7-dihydroxy-5-methyl-1-naphthoate_298.15_R11W_7.5",0.0004,"2.1.1.303_Q84HC8_STREPTOMYCES CARZINOSTATICUS_2,7-dihydroxy-5-methyl-1-naphthoate_298.15_7.5",0.0115,0.000206,15.54610378,15.07012867,0.475975114,20.18175413,20.09894691,0.08280722,-4.635650349,-5.028818244,0.393167895,0.475975114,N,N,N,R,W,Arg,Trp,Slight Polar,Charged,https://www.uniprot.org/uniprot/Q84HC8,3I53,A,[246],514,2.08,3I53_A,246,https://www.rcsb.org/structure/3I53,https://www.uniprot.org/uniprot/Q84HC8,,,,,,
2.1.1.303,Q84HC8,STREPTOMYCES CARZINOSTATICUS,"2,7-DIHYDROXY-5-METHYL-1-NAPHTHOATE",298.15,Y293I,7.5,0.013,"2.1.1.303_Q84HC8_STREPTOMYCES CARZINOSTATICUS_2,7-dihydroxy-5-methyl-1-naphthoate_298.15_Y293I_7.5",0.000649,"2.1.1.303_Q84HC8_STREPTOMYCES CARZINOSTATICUS_2,7-dihydroxy-5-methyl-1-naphthoate_298.15_7.5",0.0115,0.000206,15.67740135,15.07012867,0.607272683,20.02630655,20.09894691,-0.072640357,-4.348905203,-5.028818244,0.67991304,0.607272683,N,I,I,Y,I,Tyr,Ile,Bulky Nonpolar,Polar,https://www.uniprot.org/uniprot/Q84HC8,3I53,A,[246],514,2.08,3I53_A,246,https://www.rcsb.org/structure/3I53,https://www.uniprot.org/uniprot/Q84HC8,,,,,,
2.3.1.217,C0SVZ6,CURCUMA LONGA,3-OXO-5-PHENYL-4-PENTENOICACID,310.15,G211F,7.5,0.0083,2.3.1.217_C0SVZ6_CURCUMA LONGA_3-oxo-5-phenyl-4-pentenoicacid_310.15_G211F_7.5,0.000138,2.3.1.217_C0SVZ6_CURCUMA LONGA_3-oxo-5-phenyl-4-pentenoicacid_310.15_7.5,0.125,5.9e-06,15.65505833,12.04065314,3.614405191,21.13319477,19.46166061,1.671534159,-5.478136439,-7.421007471,1.942871032,3.614405191,I,I,I,G,F,Gly,Phe,Bulky Nonpolar,Small Nonpolar,https://www.uniprot.org/uniprot/C0SVZ6,3OV2,C,[164],555,2.32,3OV2_C,164,https://www.rcsb.org/structure/3OV2,https://www.uniprot.org/uniprot/C0SVZ6,,,,,,
2.3.1.217,C0SVZ6,CURCUMA LONGA,3-OXO-5-PHENYL-4-PENTENOICACID,310.15,H303Q,7.5,0.0017,2.3.1.217_C0SVZ6_CURCUMA LONGA_3-oxo-5-phenyl-4-pentenoicacid_310.15_H303Q_7.5,1.2e-06,2.3.1.217_C0SVZ6_CURCUMA LONGA_3-oxo-5-phenyl-4-pentenoicacid_310.15_7.5,0.125,5.9e-06,13.70787079,12.04065314,1.667217643,22.11047104,19.46166061,2.648810425,-8.402600253,-7.421007471,-0.981592782,1.667217643,I,D,D,H,Q,His,Gln,Polar,Polar,https://www.uniprot.org/uniprot/C0SVZ6,3OV2,C,[164],555,2.32,3OV2_C,164,https://www.rcsb.org/structure/3OV2,https://www.uniprot.org/uniprot/C0SVZ6,,,,,,
2.3.1.217,C0SVZ6,CURCUMA LONGA,CINNAMOYL-DIKETIDE-N-ACETYLCYSTEAMINE,310.15,G211F,7.5,0.0015,2.3.1.217_C0SVZ6_CURCUMA LONGA_cinnamoyl-diketide-N-acetylcysteamine_310.15_G211F_7.5,0.000113,2.3.1.217_C0SVZ6_CURCUMA LONGA_cinnamoyl-diketide-N-acetylcysteamine_310.15_7.5,0.0043,1.7e-06,16.58629276,13.35059415,3.235698613,22.18761336,21.53852108,0.64909228,-5.601320602,-8.187926935,2.586606333,3.235698613,I,I,I,G,F,Gly,Phe,Bulky Nonpolar,Small Nonpolar,https://www.uniprot.org/uniprot/C0SVZ6,3OV2,C,[164],555,2.32,3OV2_C,164,https://www.rcsb.org/structure/3OV2,https://www.uniprot.org/uniprot/C0SVZ6,,,,,,
2.3.1.217,C0SVZ6,CURCUMA LONGA,CINNAMOYL-DIKETIDE-N-ACETYLCYSTEAMINE,310.15,H303Q,7.5,7e-05,2.3.1.217_C0SVZ6_CURCUMA LONGA_cinnamoyl-diketide-N-acetylcysteamine_310.15_H303Q_7.5,3e-06,2.3.1.217_C0SVZ6_CURCUMA LONGA_cinnamoyl-diketide-N-acetylcysteamine_310.15_7.5,0.0043,1.7e-06,16.23864923,13.35059415,2.888055086,24.07650819,21.53852108,2.537987115,-7.837858963,-8.187926935,0.350067971,2.888055086,I,N,N,H,Q,His,Gln,Polar,Polar,https://www.uniprot.org/uniprot/C0SVZ6,3OV2,C,[164],555,2.32,3OV2_C,164,https://www.rcsb.org/structure/3OV2,https://www.uniprot.org/uniprot/C0SVZ6,,,,,,
2.3.1.7,P47934,MUS MUSCULUS,ACETYL-COA,294.15,H343E,7.8,15.4,2.3.1.7_P47934_MUS MUSCULUS_acetyl-CoA_294.15_H343E_7.8,3.24e-05,2.3.1.7_P47934_MUS MUSCULUS_acetyl-CoA_294.15_7.8,48.92,2.1e-05,9.570271821,8.64117389,0.929097931,15.61285483,14.93723394,0.67562089,-6.042583007,-6.296060048,0.253477041,0.929097931,I,N,N,H,E,His,Glu,Charged,Polar,https://www.uniprot.org/uniprot/P47934,1T7Q,B,[335],1247,1.8,1T7Q_B,343,https://www.rcsb.org/structure/1T7Q,https://www.uniprot.org/uniprot/P47934,,,,,,
2.3.1.7,P47934,MUS MUSCULUS,ACETYL-COA,294.15,M564G,7.8,28.4,2.3.1.7_P47934_MUS MUSCULUS_acetyl-CoA_294.15_M564G_7.8,7.46e-05,2.3.1.7_P47934_MUS MUSCULUS_acetyl-CoA_294.15_7.8,48.92,2.1e-05,9.700016307,8.64117389,1.058842417,15.25510446,14.93723394,0.317870521,-5.555088152,-6.296060048,0.740971895,1.058842417,N,I,I,M,G,Met,Gly,Small Nonpolar,Slight Polar,https://www.uniprot.org/uniprot/P47934,1T7Q,B,[335],1247,1.8,1T7Q_B,343,https://www.rcsb.org/structure/1T7Q,https://www.uniprot.org/uniprot/P47934,,,,,,
2.3.1.7,P47934,MUS MUSCULUS,ACETYL-COA,294.15,S554A,7.8,4.0,2.3.1.7_P47934_MUS MUSCULUS_acetyl-CoA_294.15_S554A_7.8,9.21e-05,2.3.1.7_P47934_MUS MUSCULUS_acetyl-CoA_294.15_7.8,48.92,2.1e-05,10.96895013,8.64117389,2.327776239,16.40085584,14.93723394,1.463621897,-5.431905706,-6.296060048,0.864154342,2.327776239,I,I,I,S,A,Ser,Ala,Small Nonpolar,Polar,https://www.uniprot.org/uniprot/P47934,1T7Q,B,[335],1247,1.8,1T7Q_B,343,https://www.rcsb.org/structure/1T7Q,https://www.uniprot.org/uniprot/P47934,,,,,,
2.3.1.7,P47934,MUS MUSCULUS,HEXANOYL-COA,294.15,M564G,7.8,96.85,2.3.1.7_P47934_MUS MUSCULUS_Hexanoyl-CoA_294.15_M564G_7.8,2.24e-05,2.3.1.7_P47934_MUS MUSCULUS_Hexanoyl-CoA_294.15_7.8,30.4,0.0001034,8.279672582,9.851067548,-1.571394966,14.53800736,15.21532457,-0.67731721,-6.258334781,-5.364257025,-0.894077756,-1.571394966,D,D,D,M,G,Met,Gly,Small Nonpolar,Slight Polar,https://www.uniprot.org/uniprot/P47934,1T7Q,B,[335],1247,1.8,1T7Q_B,343,https://www.rcsb.org/structure/1T7Q,https://www.uniprot.org/uniprot/P47934,,,,,,
2.3.1.7,P47934,MUS MUSCULUS,HEXANOYL-COA,294.15,S554A,7.8,1.42,2.3.1.7_P47934_MUS MUSCULUS_Hexanoyl-CoA_294.15_S554A_7.8,4.15e-05,2.3.1.7_P47934_MUS MUSCULUS_Hexanoyl-CoA_294.15_7.8,30.4,0.0001034,11.10833689,9.851067548,1.257269341,17.00622609,15.21532457,1.790901518,-5.897889202,-5.364257025,-0.533632177,1.257269341,I,D,D,S,A,Ser,Ala,Small Nonpolar,Polar,https://www.uniprot.org/uniprot/P47934,1T7Q,B,[335],1247,1.8,1T7Q_B,343,https://www.rcsb.org/structure/1T7Q,https://www.uniprot.org/uniprot/P47934,,,,,,
2.3.2.2,P18956,ESCHERICHIA COLI,5-L-GLUTAMYL-4-NITROANILIDE,310.15,S463T,9.0,0.49,2.3.2.2_P18956_ESCHERICHIA COLI_5-L-glutamyl-4-nitroanilide_310.15_S463T_9.0,5.8e-05,2.3.2.2_P18956_ESCHERICHIA COLI_5-L-glutamyl-4-nitroanilide_310.15_9.0,0.62,4.5e-05,12.60731017,12.30586445,0.30144572,18.61969165,18.47465953,0.145032113,-6.012381478,-6.168795085,0.156413607,0.30144572,N,N,N,S,T,Ser,Thr,Polar,Polar,https://www.uniprot.org/uniprot/P18956,2DG5,B,[1],348,1.6,2DG5_B,391,https://www.rcsb.org/structure/2DG5,https://www.uniprot.org/uniprot/P18956,,,,,,
2.4.1.288,O53585,MYCOBACTERIUM TUBERCULOSIS,BETA-D-GALF-(1->5)-BETA-D-GALF-(1->6)-BETA-D-GALF-O(CH2)7CH3,310.15,H413S,7.6,0.004,2.4.1.288_O53585_MYCOBACTERIUM TUBERCULOSIS_beta-D-Galf-(1->5)-beta-D-Galf-(1->6)-beta-D-Galf-O(CH2)7CH3_310.15_H413S_7.6,0.00154,2.4.1.288_O53585_MYCOBACTERIUM TUBERCULOSIS_beta-D-Galf-(1->5)-beta-D-Galf-(1->6)-beta-D-Galf-O(CH2)7CH3_310.15_7.6,7.2,0.0006,17.5917314,12.39101122,5.200720182,21.58309478,16.96333614,4.619758637,-3.991363371,-4.572324917,0.580961546,5.200720182,I,I,I,H,S,His,Ser,Polar,Polar,https://www.uniprot.org/uniprot/O53585,4FIX,A,[392],846,2.45,4FIX_A,372,https://www.rcsb.org/structure/4FIX,https://www.uniprot.org/uniprot/O53585,,,,,,
2.4.1.288,O53585,MYCOBACTERIUM TUBERCULOSIS,UDP-ALPHA-D-GALACTOFURANOSE,310.15,E300S,7.6,0.005,2.4.1.288_O53585_MYCOBACTERIUM TUBERCULOSIS_UDP-alpha-D-galactofuranose_310.15_E300S_7.6,0.00042,2.4.1.288_O53585_MYCOBACTERIUM TUBERCULOSIS_UDP-alpha-D-galactofuranose_310.15_7.6,7.2,0.00038,16.65340791,12.10949541,4.543912496,21.44556378,16.96333614,4.482227641,-4.792155873,-4.853840729,0.061684856,4.543912496,I,N,N,E,S,Glu,Ser,Polar,Charged,https://www.uniprot.org/uniprot/O53585,4FIX,A,[392],846,2.45,4FIX_A,372,https://www.rcsb.org/structure/4FIX,https://www.uniprot.org/uniprot/O53585,,,,,,
2.4.1.288,O53585,MYCOBACTERIUM TUBERCULOSIS,UDP-ALPHA-D-GALACTOFURANOSE,310.15,H413S,7.6,0.004,2.4.1.288_O53585_MYCOBACTERIUM TUBERCULOSIS_UDP-alpha-D-galactofuranose_310.15_H413S_7.6,0.00043,2.4.1.288_O53585_MYCOBACTERIUM TUBERCULOSIS_UDP-alpha-D-galactofuranose_310.15_7.6,7.2,0.00038,16.80544155,12.10949541,4.695946142,21.58309478,16.96333614,4.619758637,-4.777653224,-4.853840729,0.076187505,4.695946142,I,N,N,H,S,His,Ser,Polar,Polar,https://www.uniprot.org/uniprot/O53585,4FIX,A,[392],846,2.45,4FIX_A,372,https://www.rcsb.org/structure/4FIX,https://www.uniprot.org/uniprot/O53585,,,,,,
2.4.1.288,O53585,MYCOBACTERIUM TUBERCULOSIS,UDP-ALPHA-D-GALACTOFURANOSE,310.15,W399S,7.6,0.006,2.4.1.288_O53585_MYCOBACTERIUM TUBERCULOSIS_UDP-alpha-D-galactofuranose_310.15_W399S_7.6,0.00041,2.4.1.288_O53585_MYCOBACTERIUM TUBERCULOSIS_UDP-alpha-D-galactofuranose_310.15_7.6,7.2,0.00038,16.52618476,12.10949541,4.416689346,21.33319277,16.96333614,4.369856635,-4.807008018,-4.853840729,0.046832711,4.416689346,I,N,N,W,S,Trp,Ser,Polar,Slight Polar,https://www.uniprot.org/uniprot/O53585,4FIX,A,[392],846,2.45,4FIX_A,372,https://www.rcsb.org/structure/4FIX,https://www.uniprot.org/uniprot/O53585,,,,,,
2.5.1.31,P60472,ESCHERICHIA COLI,"(2E,6E)-FARNESYLDIPHOSPHATE",298.15,D26E,7.5,0.000366,"2.5.1.31_P60472_ESCHERICHIA COLI_(2E,6E)-farnesyldiphosphate_298.15_D26E_7.5",6.7e-07,"2.5.1.31_P60472_ESCHERICHIA COLI_(2E,6E)-farnesyldiphosphate_298.15_7.5",1.9075,9.7e-07,13.7187327,8.867057612,4.851675089,22.14152958,17.07062319,5.070906383,-8.422796878,-8.203565583,-0.219231295,4.851675089,I,N,N,D,E,Asp,Glu,Charged,Charged,https://www.uniprot.org/uniprot/P60472,3SGV,A,"[26, 74]",405,1.61,3SGV_A,"26, 74",https://www.rcsb.org/structure/3SGV,https://www.uniprot.org/uniprot/P60472,,,,,,
2.5.1.31,P60472,ESCHERICHIA COLI,"(2E,6E)-FARNESYLDIPHOSPHATE",298.15,D26K,7.5,7.66e-05,"2.5.1.31_P60472_ESCHERICHIA COLI_(2E,6E)-farnesyldiphosphate_298.15_D26K_7.5",4.6e-07,"2.5.1.31_P60472_ESCHERICHIA COLI_(2E,6E)-farnesyldiphosphate_298.15_7.5",1.9075,9.7e-07,14.42259912,8.867057612,5.555541506,23.06820169,17.07062319,5.997578492,-8.645602569,-8.203565583,-0.442036986,5.555541506,I,N,N,D,K,Asp,Lys,Charged,Charged,https://www.uniprot.org/uniprot/P60472,3SGV,A,"[26, 74]",405,1.61,3SGV_A,"26, 74",https://www.rcsb.org/structure/3SGV,https://www.uniprot.org/uniprot/P60472,,,,,,
2.5.1.31,P60472,ESCHERICHIA COLI,"(2E,6E)-FARNESYLDIPHOSPHATE",298.15,D26R,7.5,6.33e-05,"2.5.1.31_P60472_ESCHERICHIA COLI_(2E,6E)-farnesyldiphosphate_298.15_D26R_7.5",5.5e-07,"2.5.1.31_P60472_ESCHERICHIA COLI_(2E,6E)-farnesyldiphosphate_298.15_7.5",1.9075,9.7e-07,14.64146614,8.867057612,5.774408526,23.18119604,17.07062319,6.110572841,-8.539729898,-8.203565583,-0.336164315,5.774408526,I,N,N,D,R,Asp,Arg,Charged,Charged,https://www.uniprot.org/uniprot/P60472,3SGV,A,"[26, 74]",405,1.61,3SGV_A,"26, 74",https://www.rcsb.org/structure/3SGV,https://www.uniprot.org/uniprot/P60472,,,,,,
2.6.1.16,P17169,ESCHERICHIA COLI,D-FRUCTOSE6-PHOSPHATE,310.15,A602L,,0.22,2.6.1.16_P17169_ESCHERICHIA COLI_D-fructose6-phosphate_310.15_A602L_,0.00115,2.6.1.16_P17169_ESCHERICHIA COLI_D-fructose6-phosphate_310.15_,14.4,0.00036,14.94189283,11.64896164,3.292931187,19.1132384,16.53612585,2.57711255,-4.171345568,-4.887164205,0.715818637,3.292931187,I,I,I,A,L,Ala,Leu,Bulky Nonpolar,Small Nonpolar,https://www.uniprot.org/uniprot/P17169,1MOQ,A,[363],791,1.57,1MOQ_A,603,https://www.rcsb.org/structure/1MOQ,https://www.uniprot.org/uniprot/P17169,,,,,,
2.6.1.16,P17169,ESCHERICHIA COLI,D-FRUCTOSE6-PHOSPHATE,310.15,V605L,,0.15,2.6.1.16_P17169_ESCHERICHIA COLI_D-fructose6-phosphate_310.15_V605L_,0.00067,2.6.1.16_P17169_ESCHERICHIA COLI_D-fructose6-phosphate_310.15_,14.4,0.00036,14.84497597,11.64896164,3.196014329,19.34928961,16.53612585,2.813163763,-4.504313639,-4.887164205,0.382850566,3.196014329,I,N,N,V,L,Val,Leu,Bulky Nonpolar,Bulky Nonpolar,https://www.uniprot.org/uniprot/P17169,1MOQ,A,[363],791,1.57,1MOQ_A,603,https://www.rcsb.org/structure/1MOQ,https://www.uniprot.org/uniprot/P17169,,,,,,
2.6.1.16,P17169,ESCHERICHIA COLI,L-GAMMA-GLUTAMYL-P-NITROANILIDE,310.15,A602L,,0.15,2.6.1.16_P17169_ESCHERICHIA COLI_L-gamma-glutamyl-p-nitroanilide_310.15_A602L_,0.00036,2.6.1.16_P17169_ESCHERICHIA COLI_L-gamma-glutamyl-p-nitroanilide_310.15_,0.17,5e-05,14.4621254,13.16828949,1.293835916,19.34928961,19.27214729,0.077142322,-4.887164205,-6.103857799,1.216693594,1.293835916,N,I,I,A,L,Ala,Leu,Bulky Nonpolar,Small Nonpolar,https://www.uniprot.org/uniprot/P17169,1MOQ,A,[363],791,1.57,1MOQ_A,603,https://www.rcsb.org/structure/1MOQ,https://www.uniprot.org/uniprot/P17169,,,,,,
2.6.1.16,P17169,ESCHERICHIA COLI,L-GAMMA-GLUTAMYL-P-NITROANILIDE,310.15,V605L,,0.13,2.6.1.16_P17169_ESCHERICHIA COLI_L-gamma-glutamyl-p-nitroanilide_310.15_V605L_,0.00029,2.6.1.16_P17169_ESCHERICHIA COLI_L-gamma-glutamyl-p-nitroanilide_310.15_,0.17,5e-05,14.41705765,13.16828949,1.248768166,19.43748755,19.27214729,0.165340262,-5.020429895,-6.103857799,1.083427904,1.248768166,N,I,I,V,L,Val,Leu,Bulky Nonpolar,Bulky Nonpolar,https://www.uniprot.org/uniprot/P17169,1MOQ,A,[363],791,1.57,1MOQ_A,603,https://www.rcsb.org/structure/1MOQ,https://www.uniprot.org/uniprot/P17169,,,,,,
2.6.1.16,P17169,ESCHERICHIA COLI,L-GLUTAMINE,310.15,A602L,,0.38,2.6.1.16_P17169_ESCHERICHIA COLI_L-glutamine_310.15_A602L_,0.0001,2.6.1.16_P17169_ESCHERICHIA COLI_L-glutamine_310.15_,17.2,0.00027,13.09973733,11.36214237,1.73759496,18.77638483,16.42661486,2.349769969,-5.676647506,-5.064472497,-0.612175009,1.73759496,I,D,D,A,L,Ala,Leu,Bulky Nonpolar,Small Nonpolar,https://www.uniprot.org/uniprot/P17169,1MOQ,A,[363],791,1.57,1MOQ_A,603,https://www.rcsb.org/structure/1MOQ,https://www.uniprot.org/uniprot/P17169,,,,,,
2.6.1.16,P17169,ESCHERICHIA COLI,L-GLUTAMINE,310.15,V605L,,0.28,2.6.1.16_P17169_ESCHERICHIA COLI_L-glutamine_310.15_V605L_,7.2e-05,2.6.1.16_P17169_ESCHERICHIA COLI_L-glutamine_310.15_,17.2,0.00027,13.08548619,11.36214237,1.723343824,18.96460198,16.42661486,2.537987115,-5.879115788,-5.064472497,-0.814643291,1.723343824,I,D,D,V,L,Val,Leu,Bulky Nonpolar,Bulky Nonpolar,https://www.uniprot.org/uniprot/P17169,1MOQ,A,[363],791,1.57,1MOQ_A,603,https://www.rcsb.org/structure/1MOQ,https://www.uniprot.org/uniprot/P17169,,,,,,
2.7.1.147,Q7M537,THERMOCOCCUS LITORALIS,ADP,313.15,E279D,7.8,1.52,2.7.1.147_Q7M537_THERMOCOCCUS LITORALIS_ADP_313.15_E279D_7.8,0.00027,2.7.1.147_Q7M537_THERMOCOCCUS LITORALIS_ADP_313.15_7.8,58.0,1.4e-05,12.98784929,8.880014087,4.107835204,18.10130911,15.83507412,2.26623499,-5.113459817,-6.955060031,1.841600213,4.107835204,I,I,I,E,D,Glu,Asp,Charged,Charged,https://www.uniprot.org/uniprot/Q7M537,4B8R,A,[451],793,2.05,4B8R_A,451,https://www.rcsb.org/structure/4B8R,https://www.uniprot.org/uniprot/Q7M537,,,,,,
2.7.1.147,Q7M537,THERMOCOCCUS LITORALIS,ADP,313.15,E279L,7.8,0.56,2.7.1.147_Q7M537_THERMOCOCCUS LITORALIS_ADP_313.15_E279L_7.8,3.4e-05,2.7.1.147_Q7M537_THERMOCOCCUS LITORALIS_ADP_313.15_7.8,58.0,1.4e-05,12.31979445,8.880014087,3.439780361,18.72268942,15.83507412,2.887615299,-6.402894969,-6.955060031,0.552165062,3.439780361,I,I,I,E,L,Glu,Leu,Bulky Nonpolar,Charged,https://www.uniprot.org/uniprot/Q7M537,4B8R,A,[451],793,2.05,4B8R_A,451,https://www.rcsb.org/structure/4B8R,https://www.uniprot.org/uniprot/Q7M537,,,,,,
2.7.1.147,Q7M537,THERMOCOCCUS LITORALIS,ADP,313.15,E279Q,7.8,0.71,2.7.1.147_Q7M537_THERMOCOCCUS LITORALIS_ADP_313.15_E279Q_7.8,6.6e-05,2.7.1.147_Q7M537_THERMOCOCCUS LITORALIS_ADP_313.15_7.8,58.0,1.4e-05,12.58487132,8.880014087,3.704857238,18.57500108,15.83507412,2.739926963,-5.990129756,-6.955060031,0.964930275,3.704857238,I,I,I,E,Q,Glu,Gln,Polar,Charged,https://www.uniprot.org/uniprot/Q7M537,4B8R,A,[451],793,2.05,4B8R_A,451,https://www.rcsb.org/structure/4B8R,https://www.uniprot.org/uniprot/Q7M537,,,,,,
2.7.1.147,Q7M537,THERMOCOCCUS LITORALIS,ADP,313.15,E308Q,7.8,4.3,2.7.1.147_Q7M537_THERMOCOCCUS LITORALIS_ADP_313.15_E308Q_7.8,0.00146,2.7.1.147_Q7M537_THERMOCOCCUS LITORALIS_ADP_313.15_7.8,58.0,1.4e-05,13.39101301,8.880014087,4.510998922,17.45418078,15.83507412,1.619106659,-4.063167768,-6.955060031,2.891892263,4.510998922,I,I,I,E,Q,Glu,Gln,Polar,Charged,https://www.uniprot.org/uniprot/Q7M537,4B8R,A,[451],793,2.05,4B8R_A,451,https://www.rcsb.org/structure/4B8R,https://www.uniprot.org/uniprot/Q7M537,,,,,,
2.7.1.15,Q9H477,HOMO SAPIENS,ATP,310.15,E202L,7.2,0.04,2.7.1.15_Q9H477_HOMO SAPIENS_ATP_310.15_E202L_7.2,0.00573,2.7.1.15_Q9H477_HOMO SAPIENS_ATP_310.15_7.2,8.55,9.45e-05,16.98239141,11.14590521,5.836486199,20.1639329,16.85741895,3.306513946,-3.181541493,-5.711513746,2.529972253,5.836486199,I,I,I,E,L,Glu,Leu,Bulky Nonpolar,Charged,https://www.uniprot.org/uniprot/Q9H477,5C40,A,[269],724,1.5,5C40_A,269,https://www.rcsb.org/structure/5C40,https://www.uniprot.org/uniprot/Q9H477,,,,,,
2.7.1.15,Q9H477,HOMO SAPIENS,ATP,310.15,N199L,7.2,0.01,2.7.1.15_Q9H477_HOMO SAPIENS_ATP_310.15_N199L_7.2,0.00748,2.7.1.15_Q9H477_HOMO SAPIENS_ATP_310.15_7.2,8.55,9.45e-05,18.00107569,11.14590521,6.855170481,21.01835349,16.85741895,4.160934533,-3.017277798,-5.711513746,2.694235949,6.855170481,I,I,I,N,L,Asn,Leu,Bulky Nonpolar,Polar,https://www.uniprot.org/uniprot/Q9H477,5C40,A,[269],724,1.5,5C40_A,269,https://www.rcsb.org/structure/5C40,https://www.uniprot.org/uniprot/Q9H477,,,,,,
2.7.1.157,Q01415,HOMO SAPIENS,N-ACETYL-ALPHA-D-GALACTOSAMINE,310.15,F444A,7.5,1.9,2.7.1.157_Q01415_HOMO SAPIENS_N-acetyl-alpha-D-galactosamine_310.15_F444A_7.5,0.00024,2.7.1.157_Q01415_HOMO SAPIENS_N-acetyl-alpha-D-galactosamine_310.15_7.5,1.2,0.00033,12.64736704,13.12686644,-0.479499394,17.78443325,18.06765873,-0.283225478,-5.137066206,-4.94079229,-0.196273917,-0.479499394,N,N,N,F,A,Phe,Ala,Small Nonpolar,Bulky Nonpolar,https://www.uniprot.org/uniprot/Q01415,2A2C,A,[210],908,1.65,2A2C_A,190,https://www.rcsb.org/structure/2A2C,https://www.uniprot.org/uniprot/Q01415,,,,,,
2.7.1.157,Q01415,HOMO SAPIENS,N-ACETYL-ALPHA-D-GALACTOSAMINE,310.15,F444C,7.5,2.6,2.7.1.157_Q01415_HOMO SAPIENS_N-acetyl-alpha-D-galactosamine_310.15_F444C_7.5,0.00095,2.7.1.157_Q01415_HOMO SAPIENS_N-acetyl-alpha-D-galactosamine_310.15_7.5,1.2,0.00033,13.30201594,13.12686644,0.175149501,17.59111538,18.06765873,-0.476543349,-4.289099439,-4.94079229,0.65169285,0.175149501,N,I,I,F,C,Phe,Cys,Polar,Bulky Nonpolar,https://www.uniprot.org/uniprot/Q01415,2A2C,A,[210],908,1.65,2A2C_A,190,https://www.rcsb.org/structure/2A2C,https://www.uniprot.org/uniprot/Q01415,,,,,,
2.7.1.157,Q01415,HOMO SAPIENS,N-ACETYL-ALPHA-D-GALACTOSAMINE,310.15,F444H,7.5,1.6,2.7.1.157_Q01415_HOMO SAPIENS_N-acetyl-alpha-D-galactosamine_310.15_F444H_7.5,0.00027,2.7.1.157_Q01415_HOMO SAPIENS_N-acetyl-alpha-D-galactosamine_310.15_7.5,1.2,0.00033,12.82587794,13.12686644,-0.300988499,17.89035044,18.06765873,-0.177308292,-5.064472497,-4.94079229,-0.123680207,-0.300988499,N,N,N,F,H,Phe,His,Polar,Bulky Nonpolar,https://www.uniprot.org/uniprot/Q01415,2A2C,A,[210],908,1.65,2A2C_A,190,https://www.rcsb.org/structure/2A2C,https://www.uniprot.org/uniprot/Q01415,,,,,,
2.7.1.157,Q01415,HOMO SAPIENS,N-ACETYL-ALPHA-D-GALACTOSAMINE,310.15,F444K,7.5,1.0,2.7.1.157_Q01415_HOMO SAPIENS_N-acetyl-alpha-D-galactosamine_310.15_F444K_7.5,0.00034,2.7.1.157_Q01415_HOMO SAPIENS_N-acetyl-alpha-D-galactosamine_310.15_7.5,1.2,0.00033,13.25763684,13.12686644,0.130770407,18.18002973,18.06765873,0.112371006,-4.922392888,-4.94079229,0.018399401,0.130770407,N,N,N,F,K,Phe,Lys,Charged,Bulky Nonpolar,https://www.uniprot.org/uniprot/Q01415,2A2C,A,[210],908,1.65,2A2C_A,190,https://www.rcsb.org/structure/2A2C,https://www.uniprot.org/uniprot/Q01415,,,,,,
2.7.1.157,Q01415,HOMO SAPIENS,N-ACETYL-ALPHA-D-GALACTOSAMINE,310.15,F444R,7.5,0.72,2.7.1.157_Q01415_HOMO SAPIENS_N-acetyl-alpha-D-galactosamine_310.15_F444R_7.5,0.00017,2.7.1.157_Q01415_HOMO SAPIENS_N-acetyl-alpha-D-galactosamine_310.15_7.5,1.2,0.00033,13.03289483,13.12686644,-0.093971604,18.38249802,18.06765873,0.314839288,-5.349603182,-4.94079229,-0.408810892,-0.093971604,N,N,N,F,R,Phe,Arg,Charged,Bulky Nonpolar,https://www.uniprot.org/uniprot/Q01415,2A2C,A,[210],908,1.65,2A2C_A,190,https://www.rcsb.org/structure/2A2C,https://www.uniprot.org/uniprot/Q01415,,,,,,
2.7.1.157,Q01415,HOMO SAPIENS,N-ACETYL-ALPHA-D-GALACTOSAMINE,310.15,F444S,7.5,3.2,2.7.1.157_Q01415_HOMO SAPIENS_N-acetyl-alpha-D-galactosamine_310.15_F444S_7.5,0.00056,2.7.1.157_Q01415_HOMO SAPIENS_N-acetyl-alpha-D-galactosamine_310.15_7.5,1.2,0.00033,12.84829256,13.12686644,-0.278573877,17.46314014,18.06765873,-0.604518585,-4.614847581,-4.94079229,0.325944708,-0.278573877,D,N,N,F,S,Phe,Ser,Polar,Bulky Nonpolar,https://www.uniprot.org/uniprot/Q01415,2A2C,A,[210],908,1.65,2A2C_A,190,https://www.rcsb.org/structure/2A2C,https://www.uniprot.org/uniprot/Q01415,,,,,,
2.7.1.157,Q01415,HOMO SAPIENS,N-ACETYL-ALPHA-D-GALACTOSAMINE,310.15,F444W,7.5,0.62,2.7.1.157_Q01415_HOMO SAPIENS_N-acetyl-alpha-D-galactosamine_310.15_F444W_7.5,0.00069,2.7.1.157_Q01415_HOMO SAPIENS_N-acetyl-alpha-D-galactosamine_310.15_7.5,1.2,0.00033,13.98847468,13.12686644,0.861608239,18.47465953,18.06765873,0.407000805,-4.486184856,-4.94079229,0.454607434,0.861608239,N,N,N,F,W,Phe,Trp,Slight Polar,Bulky Nonpolar,https://www.uniprot.org/uniprot/Q01415,2A2C,A,[210],908,1.65,2A2C_A,190,https://www.rcsb.org/structure/2A2C,https://www.uniprot.org/uniprot/Q01415,,,,,,
2.7.1.157,Q01415,HOMO SAPIENS,N-ACETYL-ALPHA-D-GLUCOSAMINE,310.15,F444A,7.5,0.11,2.7.1.157_Q01415_HOMO SAPIENS_N-acetyl-alpha-D-glucosamine_310.15_F444A_7.5,0.00037,2.7.1.157_Q01415_HOMO SAPIENS_N-acetyl-alpha-D-glucosamine_310.15_7.5,0.16,5.1e-05,14.67017141,13.21785955,1.452311859,19.54044869,19.30951231,0.230936377,-4.870277281,-6.091652763,1.221375482,1.452311859,N,I,I,F,A,Phe,Ala,Small Nonpolar,Bulky Nonpolar,https://www.uniprot.org/uniprot/Q01415,2A2C,A,[210],908,1.65,2A2C_A,190,https://www.rcsb.org/structure/2A2C,https://www.uniprot.org/uniprot/Q01415,,,,,,
2.7.1.157,Q01415,HOMO SAPIENS,N-ACETYL-ALPHA-D-GLUCOSAMINE,310.15,F444C,7.5,0.087,2.7.1.157_Q01415_HOMO SAPIENS_N-acetyl-alpha-D-glucosamine_310.15_F444C_7.5,0.00039,2.7.1.157_Q01415_HOMO SAPIENS_N-acetyl-alpha-D-glucosamine_310.15_7.5,0.16,5.1e-05,14.84719243,13.21785955,1.629332883,19.68502358,19.30951231,0.375511269,-4.837831149,-6.091652763,1.253821614,1.629332883,N,I,I,F,C,Phe,Cys,Polar,Bulky Nonpolar,https://www.uniprot.org/uniprot/Q01415,2A2C,A,[210],908,1.65,2A2C_A,190,https://www.rcsb.org/structure/2A2C,https://www.uniprot.org/uniprot/Q01415,,,,,,
2.7.1.157,Q01415,HOMO SAPIENS,N-ACETYL-ALPHA-D-GLUCOSAMINE,310.15,F444H,7.5,0.072,2.7.1.157_Q01415_HOMO SAPIENS_N-acetyl-alpha-D-glucosamine_310.15_F444H_7.5,0.00022,2.7.1.157_Q01415_HOMO SAPIENS_N-acetyl-alpha-D-glucosamine_310.15_7.5,0.16,5.1e-05,14.6109656,13.21785955,1.393106051,19.80165989,19.30951231,0.49214758,-5.190694291,-6.091652763,0.900958472,1.393106051,N,I,I,F,H,Phe,His,Polar,Bulky Nonpolar,https://www.uniprot.org/uniprot/Q01415,2A2C,A,[210],908,1.65,2A2C_A,190,https://www.rcsb.org/structure/2A2C,https://www.uniprot.org/uniprot/Q01415,,,,,,
2.7.1.157,Q01415,HOMO SAPIENS,N-ACETYL-ALPHA-D-GLUCOSAMINE,310.15,F444R,7.5,0.071,2.7.1.157_Q01415_HOMO SAPIENS_N-acetyl-alpha-D-glucosamine_310.15_F444R_7.5,0.00028,2.7.1.157_Q01415_HOMO SAPIENS_N-acetyl-alpha-D-glucosamine_310.15_7.5,0.16,5.1e-05,14.76822222,13.21785955,1.550362667,19.81028009,19.30951231,0.500767779,-5.042057875,-6.091652763,1.049594888,1.550362667,I,I,I,F,R,Phe,Arg,Charged,Bulky Nonpolar,https://www.uniprot.org/uniprot/Q01415,2A2C,A,[210],908,1.65,2A2C_A,190,https://www.rcsb.org/structure/2A2C,https://www.uniprot.org/uniprot/Q01415,,,,,,
2.7.1.20,P55263,HOMO SAPIENS,ADENOSINE,310.15,F338A,7.5,0.08,2.7.1.20_P55263_HOMO SAPIENS_adenosine_310.15_F338A_7.5,8.3e-07,2.7.1.20_P55263_HOMO SAPIENS_adenosine_310.15_7.5,0.5,4e-07,11.10691006,9.527527479,1.579382582,19.73672261,18.60724003,1.129482579,-8.629812545,-9.079712548,0.449900003,1.579382582,I,N,N,F,A,Phe,Ala,Small Nonpolar,Bulky Nonpolar,https://www.uniprot.org/uniprot/P55263,1BX4,A,[300],703,1.5,1BX4_A,300,https://www.rcsb.org/structure/1BX4,https://www.uniprot.org/uniprot/P55263,,,,,,
2.7.1.20,P55263,HOMO SAPIENS,ADENOSINE,310.15,H107A,7.5,0.35,2.7.1.20_P55263_HOMO SAPIENS_adenosine_310.15_H107A_7.5,1.66e-06,2.7.1.20_P55263_HOMO SAPIENS_adenosine_310.15_7.5,0.5,4e-07,10.62446873,9.527527479,1.096941253,18.82707098,18.60724003,0.219830956,-8.202602251,-9.079712548,0.877110297,1.096941253,N,I,I,H,A,His,Ala,Small Nonpolar,Polar,https://www.uniprot.org/uniprot/P55263,1BX4,A,[300],703,1.5,1BX4_A,300,https://www.rcsb.org/structure/1BX4,https://www.uniprot.org/uniprot/P55263,,,,,,
2.7.1.20,P55263,HOMO SAPIENS,ADENOSINE,310.15,K341A,7.5,0.22,2.7.1.20_P55263_HOMO SAPIENS_adenosine_310.15_K341A_7.5,1.7e-07,2.7.1.20_P55263_HOMO SAPIENS_adenosine_310.15_7.5,0.5,4e-07,9.506149584,9.527527479,-0.021377895,19.1132384,18.60724003,0.505998369,-9.607088811,-9.079712548,-0.527376263,-0.021377895,I,D,D,K,A,Lys,Ala,Small Nonpolar,Charged,https://www.uniprot.org/uniprot/P55263,1BX4,A,[300],703,1.5,1BX4_A,300,https://www.rcsb.org/structure/1BX4,https://www.uniprot.org/uniprot/P55263,,,,,,
2.7.1.25,Q43295,ARABIDOPSIS THALIANA,ADENOSINE5'-PHOSPHOSULFATE,290.15,D136A,7.5,29.0,2.7.1.25_Q43295_ARABIDOPSIS THALIANA_adenosine5'-phosphosulfate_290.15_D136A_7.5,9.2e-07,2.7.1.25_Q43295_ARABIDOPSIS THALIANA_adenosine5'-phosphosulfate_290.15_7.5,272.0,4.8e-07,7.013747759,5.347925429,1.66582233,15.02770871,13.73700861,1.290700105,-8.013960956,-8.38908318,0.375122225,1.66582233,I,N,N,D,A,Asp,Ala,Small Nonpolar,Charged,https://www.uniprot.org/uniprot/Q43295,3UIE,B,[106],387,1.79,3UIE_B,182,https://www.rcsb.org/structure/3UIE,https://www.uniprot.org/uniprot/Q43295,,,,,,
2.7.1.25,Q43295,ARABIDOPSIS THALIANA,ADENOSINE5'-PHOSPHOSULFATE,290.15,D136N,7.5,45.0,2.7.1.25_Q43295_ARABIDOPSIS THALIANA_adenosine5'-phosphosulfate_290.15_D136N_7.5,7e-07,2.7.1.25_Q43295_ARABIDOPSIS THALIANA_adenosine5'-phosphosulfate_290.15_7.5,272.0,4.8e-07,6.602835198,5.347925429,1.254909769,14.77437433,13.73700861,1.037365723,-8.171539134,-8.38908318,0.217544046,1.254909769,I,N,N,D,N,Asp,Asn,Polar,Charged,https://www.uniprot.org/uniprot/Q43295,3UIE,B,[106],387,1.79,3UIE_B,182,https://www.rcsb.org/structure/3UIE,https://www.uniprot.org/uniprot/Q43295,,,,,,
2.7.1.29,P76015,ESCHERICHIA COLI,DIHYDROXYACETONE,295.15,H56A,7.5,1.6,2.7.1.29_P76015_ESCHERICHIA COLI_dihydroxyacetone_295.15_H56A_7.5,0.000302,2.7.1.29_P76015_ESCHERICHIA COLI_dihydroxyacetone_295.15_7.5,8.45,8e-06,12.2421895,9.136447489,3.105742007,16.99603151,16.0199568,0.976074714,-4.753842018,-6.88350931,2.129667293,3.105742007,I,I,I,H,A,His,Ala,Small Nonpolar,Polar,https://www.uniprot.org/uniprot/P76015,3PNK,B,"[219, 57]",440,2.21,3PNK_B,"218, 56",https://www.rcsb.org/structure/3PNK,https://www.uniprot.org/uniprot/P76015,,,,,,
2.7.1.29,P76015,ESCHERICHIA COLI,DIHYDROXYACETONE,295.15,H56N,7.5,3.72,2.7.1.29_P76015_ESCHERICHIA COLI_dihydroxyacetone_295.15_H56N_7.5,0.0022,2.7.1.29_P76015_ESCHERICHIA COLI_dihydroxyacetone_295.15_7.5,8.45,8e-06,12.91204062,9.136447489,3.775593135,16.5011678,16.0199568,0.481210997,-3.589127172,-6.88350931,3.294382139,3.775593135,N,I,I,H,N,His,Asn,Polar,Polar,https://www.uniprot.org/uniprot/P76015,3PNK,B,"[219, 57]",440,2.21,3PNK_B,"218, 56",https://www.rcsb.org/structure/3PNK,https://www.uniprot.org/uniprot/P76015,,,,,,
2.7.1.6,P51570,HOMO SAPIENS,ATP;D-GALACTOSE,310.15,A198V,8.0,5.9,2.7.1.6_P51570_HOMO SAPIENS_ATP;D-Galactose_310.15_A198V_8.0,0.000343,2.7.1.6_P51570_HOMO SAPIENS_ATP;D-Galactose_310.15_8.0,8.7,0.00097,12.16908745,12.57044115,-0.4013537,17.08606595,16.84669983,0.239366118,-4.916978498,-4.27625868,-0.640719818,-0.4013537,N,D,D,A,V,Ala,Val,Bulky Nonpolar,Small Nonpolar,https://www.uniprot.org/uniprot/P51570,6Q3W,A,[185],599,1.96,6Q3W_A,186,https://www.rcsb.org/structure/6Q3W,https://www.uniprot.org/uniprot/P51570,,,,,,
2.7.1.6,P51570,HOMO SAPIENS,ATP;D-GALACTOSE,310.15,G346S,8.0,0.4,2.7.1.6_P51570_HOMO SAPIENS_ATP;D-Galactose_310.15_G346S_8.0,0.0005525,2.7.1.6_P51570_HOMO SAPIENS_ATP;D-Galactose_310.15_8.0,8.7,0.00097,14.12161319,12.57044115,1.551172044,18.74477102,16.84669983,1.898071195,-4.623157831,-4.27625868,-0.346899151,1.551172044,I,N,N,G,S,Gly,Ser,Polar,Small Nonpolar,https://www.uniprot.org/uniprot/P51570,6Q3W,A,[185],599,1.96,6Q3W_A,186,https://www.rcsb.org/structure/6Q3W,https://www.uniprot.org/uniprot/P51570,,,,,,
2.7.1.6,P51570,HOMO SAPIENS,ATP;D-GALACTOSE,310.15,G347S,8.0,1.1,2.7.1.6_P51570_HOMO SAPIENS_ATP;D-Galactose_310.15_G347S_8.0,0.0065445,2.7.1.6_P51570_HOMO SAPIENS_ATP;D-Galactose_310.15_8.0,8.7,0.00097,15.02166197,12.57044115,2.45122082,18.12128681,16.84669983,1.274586985,-3.099624844,-4.27625868,1.176633835,2.45122082,I,I,I,G,S,Gly,Ser,Polar,Small Nonpolar,https://www.uniprot.org/uniprot/P51570,6Q3W,A,[185],599,1.96,6Q3W_A,186,https://www.rcsb.org/structure/6Q3W,https://www.uniprot.org/uniprot/P51570,,,,,,
2.7.1.6,P51570,HOMO SAPIENS,ATP;D-GALACTOSE,310.15,G349S,8.0,1.8,2.7.1.6_P51570_HOMO SAPIENS_ATP;D-Galactose_310.15_G349S_8.0,0.0008695,2.7.1.6_P51570_HOMO SAPIENS_ATP;D-Galactose_310.15_8.0,8.7,0.00097,13.47408481,12.57044115,0.903643661,17.81775673,16.84669983,0.971056898,-4.343671917,-4.27625868,-0.067413237,0.903643661,I,N,N,G,S,Gly,Ser,Polar,Small Nonpolar,https://www.uniprot.org/uniprot/P51570,6Q3W,A,[185],599,1.96,6Q3W_A,186,https://www.rcsb.org/structure/6Q3W,https://www.uniprot.org/uniprot/P51570,,,,,,
2.7.1.6,P51570,HOMO SAPIENS,ATP;D-GALACTOSE,310.15,R68C,8.0,3.9,2.7.1.6_P51570_HOMO SAPIENS_ATP;D-Galactose_310.15_R68C_8.0,0.00027,2.7.1.6_P51570_HOMO SAPIENS_ATP;D-Galactose_310.15_8.0,8.7,0.00097,12.27674088,12.57044115,-0.293700268,17.34121338,16.84669983,0.494513549,-5.064472497,-4.27625868,-0.788213817,-0.293700268,N,D,D,R,C,Arg,Cys,Polar,Charged,https://www.uniprot.org/uniprot/P51570,6Q3W,A,[185],599,1.96,6Q3W_A,186,https://www.rcsb.org/structure/6Q3W,https://www.uniprot.org/uniprot/P51570,,,,,,
2.7.1.6,P51570,HOMO SAPIENS,D-GALACTOSE;ATP,310.15,H44Y,8.0,2.0,2.7.1.6_P51570_HOMO SAPIENS_D-Galactose;ATP_310.15_H44Y_8.0,0.003915,2.7.1.6_P51570_HOMO SAPIENS_D-Galactose;ATP_310.15_8.0,8.7,3.4e-05,14.33651614,10.50514506,3.831371073,17.75281944,16.84669983,0.906119612,-3.416303303,-6.341554765,2.925251461,3.831371073,I,I,I,H,Y,His,Tyr,Polar,Polar,https://www.uniprot.org/uniprot/P51570,6Q3W,A,[185],599,1.96,6Q3W_A,186,https://www.rcsb.org/structure/6Q3W,https://www.uniprot.org/uniprot/P51570,,,,,,
2.7.1.74,P27707,HOMO SAPIENS,1-BETA-D-ARABINOFURANOSYLCYTOSINE,298.15,S74E,7.5,1.06,2.7.1.74_P27707_HOMO SAPIENS_1-beta-D-arabinofuranosylcytosine_298.15_S74E_7.5,2.4e-05,2.7.1.74_P27707_HOMO SAPIENS_1-beta-D-arabinofuranosylcytosine_298.15_7.5,0.32,5.9e-06,11.11616288,10.99446694,0.121695942,17.41872423,18.12834853,-0.709624306,-6.302561351,-7.133881598,0.831320247,0.121695942,D,I,I,S,E,Ser,Glu,Charged,Polar,https://www.uniprot.org/uniprot/P27707,2NO7,A,[147],394,1.7,2NO7_A,127,https://www.rcsb.org/structure/2NO7,https://www.uniprot.org/uniprot/P27707,,,,,,
2.7.1.74,P27707,HOMO SAPIENS,2'-DEOXYADENOSINE,298.15,S74E,7.5,0.69,2.7.1.74_P27707_HOMO SAPIENS_2'-deoxyadenosine_298.15_S74E_7.5,0.000518,2.7.1.74_P27707_HOMO SAPIENS_2'-deoxyadenosine_298.15_7.5,0.77,0.0001169,13.19061251,12.24360679,0.947005712,17.67309847,17.60810322,0.06499525,-4.482485964,-5.364496427,0.882010462,0.947005712,N,I,I,S,E,Ser,Glu,Charged,Polar,https://www.uniprot.org/uniprot/P27707,2NO7,A,[147],394,1.7,2NO7_A,127,https://www.rcsb.org/structure/2NO7,https://www.uniprot.org/uniprot/P27707,,,,,,
2.7.1.74,P27707,HOMO SAPIENS,2'-DEOXYGUANOSINE,298.15,S74E,7.5,0.36,2.7.1.74_P27707_HOMO SAPIENS_2'-deoxyguanosine_298.15_S74E_7.5,0.000602,2.7.1.74_P27707_HOMO SAPIENS_2'-deoxyguanosine_298.15_7.5,0.73,0.0002458,13.66511792,12.71555002,0.949567901,18.05856354,17.63971005,0.418853491,-4.39344562,-4.92416003,0.530714409,0.949567901,N,I,I,S,E,Ser,Glu,Charged,Polar,https://www.uniprot.org/uniprot/P27707,2NO7,A,[147],394,1.7,2NO7_A,127,https://www.rcsb.org/structure/2NO7,https://www.uniprot.org/uniprot/P27707,,,,,,
2.7.1.74,P27707,HOMO SAPIENS,"2',2'-DIFLUORODEOXYCYTIDINE",298.15,S74E,7.5,1.21,"2.7.1.74_P27707_HOMO SAPIENS_2',2'-difluorodeoxycytidine_298.15_S74E_7.5",1.5e-05,"2.7.1.74_P27707_HOMO SAPIENS_2',2'-difluorodeoxycytidine_298.15_7.5",0.44,6.2e-06,10.75927495,10.83517262,-0.075897665,17.34030763,17.93966864,-0.59936101,-6.581032679,-7.104496024,0.523463345,-0.075897665,D,I,I,S,E,Ser,Glu,Charged,Polar,https://www.uniprot.org/uniprot/P27707,2NO7,A,[147],394,1.7,2NO7_A,127,https://www.rcsb.org/structure/2NO7,https://www.uniprot.org/uniprot/P27707,,,,,,
2.7.2.1,P38502,METHANOSARCINA THERMOPHILA,ATP,310.15,G239A,7.0,77.0,2.7.2.1_P38502_METHANOSARCINA THERMOPHILA_ATP_310.15_G239A_7.0,0.0017,2.7.2.1_P38502_METHANOSARCINA THERMOPHILA_ATP_310.15_7.0,715.0,0.004,11.57235271,10.72624237,0.846110337,15.50279402,14.12930742,1.373486601,-3.930441306,-3.403065042,-0.527376263,0.846110337,I,D,D,G,A,Gly,Ala,Small Nonpolar,Small Nonpolar,https://www.uniprot.org/uniprot/P38502,1G99,A,[148],485,2.5,1G99_A,148,https://www.rcsb.org/structure/1G99,https://www.uniprot.org/uniprot/P38502,,,,,,
2.7.2.1,P38502,METHANOSARCINA THERMOPHILA,ATP,310.15,G239S,7.0,6.8,2.7.2.1_P38502_METHANOSARCINA THERMOPHILA_ATP_310.15_G239S_7.0,0.0018,2.7.2.1_P38502_METHANOSARCINA THERMOPHILA_ATP_310.15_7.0,715.0,0.004,13.1033522,10.72624237,2.377109828,16.99856482,14.12930742,2.869257407,-3.895212622,-3.403065042,-0.49214758,2.377109828,I,N,N,G,S,Gly,Ser,Polar,Small Nonpolar,https://www.uniprot.org/uniprot/P38502,1G99,A,[148],485,2.5,1G99_A,148,https://www.rcsb.org/structure/1G99,https://www.uniprot.org/uniprot/P38502,,,,,,
2.7.2.1,P38502,METHANOSARCINA THERMOPHILA,ATP,310.15,G331A,7.0,88.0,2.7.2.1_P38502_METHANOSARCINA THERMOPHILA_ATP_310.15_G331A_7.0,0.0102,2.7.2.1_P38502_METHANOSARCINA THERMOPHILA_ATP_310.15_7.0,715.0,0.004,12.59437534,10.72624237,1.868132966,15.42049406,14.12930742,1.29118664,-2.826118717,-3.403065042,0.576946325,1.868132966,I,I,I,G,A,Gly,Ala,Small Nonpolar,Small Nonpolar,https://www.uniprot.org/uniprot/P38502,1G99,A,[148],485,2.5,1G99_A,148,https://www.rcsb.org/structure/1G99,https://www.uniprot.org/uniprot/P38502,,,,,,
2.7.2.1,P38502,METHANOSARCINA THERMOPHILA,ATP,310.15,G331Q,7.0,16.0,2.7.2.1_P38502_METHANOSARCINA THERMOPHILA_ATP_310.15_G331Q_7.0,0.0184,2.7.2.1_P38502_METHANOSARCINA THERMOPHILA_ATP_310.15_7.0,715.0,0.004,14.00868416,10.72624237,3.282441792,16.47118856,14.12930742,2.341881144,-2.462504394,-3.403065042,0.940560648,3.282441792,I,I,I,G,Q,Gly,Gln,Polar,Small Nonpolar,https://www.uniprot.org/uniprot/P38502,1G99,A,[148],485,2.5,1G99_A,148,https://www.rcsb.org/structure/1G99,https://www.uniprot.org/uniprot/P38502,,,,,,
2.7.2.1,P38502,METHANOSARCINA THERMOPHILA,ATP,310.15,N211A,7.0,374.0,2.7.2.1_P38502_METHANOSARCINA THERMOPHILA_ATP_310.15_N211A_7.0,0.0059,2.7.2.1_P38502_METHANOSARCINA THERMOPHILA_ATP_310.15_7.0,715.0,0.004,11.3651866,10.72624237,0.638944228,14.52870844,14.12930742,0.399401027,-3.163521842,-3.403065042,0.2395432,0.638944228,N,N,N,N,A,Asn,Ala,Small Nonpolar,Polar,https://www.uniprot.org/uniprot/P38502,1G99,A,[148],485,2.5,1G99_A,148,https://www.rcsb.org/structure/1G99,https://www.uniprot.org/uniprot/P38502,,,,,,
2.7.2.1,P38502,METHANOSARCINA THERMOPHILA,ATP,310.15,N211S,7.0,13.0,2.7.2.1_P38502_METHANOSARCINA THERMOPHILA_ATP_310.15_N211S_7.0,0.0068,2.7.2.1_P38502_METHANOSARCINA THERMOPHILA_ATP_310.15_7.0,715.0,0.004,13.52314308,10.72624237,2.796900704,16.5991638,14.12930742,2.46985638,-3.076020719,-3.403065042,0.327044324,2.796900704,I,N,N,N,S,Asn,Ser,Polar,Polar,https://www.uniprot.org/uniprot/P38502,1G99,A,[148],485,2.5,1G99_A,148,https://www.rcsb.org/structure/1G99,https://www.uniprot.org/uniprot/P38502,,,,,,
2.7.2.1,P38502,METHANOSARCINA THERMOPHILA,ATP,310.15,N211T,7.0,32.0,2.7.2.1_P38502_METHANOSARCINA THERMOPHILA_ATP_310.15_N211T_7.0,0.0071,2.7.2.1_P38502_METHANOSARCINA THERMOPHILA_ATP_310.15_7.0,715.0,0.004,12.99456603,10.72624237,2.268323659,16.04397827,14.12930742,1.914670851,-3.049412234,-3.403065042,0.353652808,2.268323659,I,N,N,N,T,Asn,Thr,Polar,Polar,https://www.uniprot.org/uniprot/P38502,1G99,A,[148],485,2.5,1G99_A,148,https://www.rcsb.org/structure/1G99,https://www.uniprot.org/uniprot/P38502,,,,,,
2.7.2.1,P38502,METHANOSARCINA THERMOPHILA,CTP,310.15,G331A,7.0,17.0,2.7.2.1_P38502_METHANOSARCINA THERMOPHILA_CTP_310.15_G331A_7.0,0.0157,2.7.2.1_P38502_METHANOSARCINA THERMOPHILA_CTP_310.15_7.0,460.0,0.0032,13.8735131,10.86054929,3.012963804,16.43382353,14.40114533,2.032678201,-2.560310434,-3.540596038,0.980285604,3.012963804,I,I,I,G,A,Gly,Ala,Small Nonpolar,Small Nonpolar,https://www.uniprot.org/uniprot/P38502,1G99,A,[148],485,2.5,1G99_A,148,https://www.rcsb.org/structure/1G99,https://www.uniprot.org/uniprot/P38502,,,,,,
2.7.2.1,P38502,METHANOSARCINA THERMOPHILA,CTP,310.15,G331Q,7.0,2.1,2.7.2.1_P38502_METHANOSARCINA THERMOPHILA_CTP_310.15_G331Q_7.0,0.0111,2.7.2.1_P38502_METHANOSARCINA THERMOPHILA_CTP_310.15_7.0,460.0,0.0032,14.94874529,10.86054929,4.088195991,17.72274839,14.40114533,3.321603062,-2.774003109,-3.540596038,0.766592929,4.088195991,I,I,I,G,Q,Gly,Gln,Polar,Small Nonpolar,https://www.uniprot.org/uniprot/P38502,1G99,A,[148],485,2.5,1G99_A,148,https://www.rcsb.org/structure/1G99,https://www.uniprot.org/uniprot/P38502,,,,,,
2.7.2.1,P38502,METHANOSARCINA THERMOPHILA,GTP,310.15,G331A,7.0,67.0,2.7.2.1_P38502_METHANOSARCINA THERMOPHILA_GTP_310.15_G331A_7.0,0.0053,2.7.2.1_P38502_METHANOSARCINA THERMOPHILA_GTP_310.15_7.0,571.0,0.0072,12.35891306,11.22712483,1.131788236,15.58853399,14.26791686,1.320617128,-3.229620927,-3.040792035,-0.188828892,1.131788236,I,N,N,G,A,Gly,Ala,Small Nonpolar,Small Nonpolar,https://www.uniprot.org/uniprot/P38502,1G99,A,[148],485,2.5,1G99_A,148,https://www.rcsb.org/structure/1G99,https://www.uniprot.org/uniprot/P38502,,,,,,
2.7.2.1,P38502,METHANOSARCINA THERMOPHILA,GTP,310.15,G331Q,7.0,8.6,2.7.2.1_P38502_METHANOSARCINA THERMOPHILA_GTP_310.15_G331Q_7.0,0.0074,2.7.2.1_P38502_METHANOSARCINA THERMOPHILA_GTP_310.15_7.0,571.0,0.0072,13.82992005,11.22712483,2.60279522,16.85382516,14.26791686,2.585908296,-3.023905111,-3.040792035,0.016886924,2.60279522,I,N,N,G,Q,Gly,Gln,Polar,Small Nonpolar,https://www.uniprot.org/uniprot/P38502,1G99,A,[148],485,2.5,1G99_A,148,https://www.rcsb.org/structure/1G99,https://www.uniprot.org/uniprot/P38502,,,,,,
2.7.2.1,P38502,METHANOSARCINA THERMOPHILA,ITP,310.15,G331A,7.0,84.0,2.7.2.1_P38502_METHANOSARCINA THERMOPHILA_ITP_310.15_G331A_7.0,0.0107,2.7.2.1_P38502_METHANOSARCINA THERMOPHILA_ITP_310.15_7.0,742.0,0.0047,12.65254252,10.80279197,1.849750546,15.44916593,14.10646194,1.34270399,-2.796623416,-3.303669972,0.507046556,1.849750546,I,I,I,G,A,Gly,Ala,Small Nonpolar,Small Nonpolar,https://www.uniprot.org/uniprot/P38502,1G99,A,[148],485,2.5,1G99_A,148,https://www.rcsb.org/structure/1G99,https://www.uniprot.org/uniprot/P38502,,,,,,
2.7.2.1,P38502,METHANOSARCINA THERMOPHILA,ITP,310.15,G331Q,7.0,11.0,2.7.2.1_P38502_METHANOSARCINA THERMOPHILA_ITP_310.15_G331Q_7.0,0.0101,2.7.2.1_P38502_METHANOSARCINA THERMOPHILA_ITP_310.15_7.0,742.0,0.0047,13.86993391,10.80279197,3.067141943,16.70212494,14.10646194,2.595662995,-2.832191024,-3.303669972,0.471478948,3.067141943,I,N,N,G,Q,Gly,Gln,Polar,Small Nonpolar,https://www.uniprot.org/uniprot/P38502,1G99,A,[148],485,2.5,1G99_A,148,https://www.rcsb.org/structure/1G99,https://www.uniprot.org/uniprot/P38502,,,,,,
2.7.2.1,P38502,METHANOSARCINA THERMOPHILA,TTP,310.15,G331A,7.0,20.0,2.7.2.1_P38502_METHANOSARCINA THERMOPHILA_TTP_310.15_G331A_7.0,0.0112,2.7.2.1_P38502_METHANOSARCINA THERMOPHILA_TTP_310.15_7.0,540.0,0.0027,13.56518215,10.65701006,2.908172094,16.33365756,14.30232068,2.031336885,-2.768475411,-3.64531062,0.876835209,2.908172094,I,I,I,G,A,Gly,Ala,Small Nonpolar,Small Nonpolar,https://www.uniprot.org/uniprot/P38502,1G99,A,[148],485,2.5,1G99_A,148,https://www.rcsb.org/structure/1G99,https://www.uniprot.org/uniprot/P38502,,,,,,
2.7.2.1,P38502,METHANOSARCINA THERMOPHILA,TTP,310.15,G331Q,7.0,2.8,2.7.2.1_P38502_METHANOSARCINA THERMOPHILA_TTP_310.15_G331Q_7.0,0.0121,2.7.2.1_P38502_METHANOSARCINA THERMOPHILA_TTP_310.15_7.0,540.0,0.0027,14.82460219,10.65701006,4.167592133,17.5454401,14.30232068,3.243119424,-2.720837911,-3.64531062,0.924472709,4.167592133,I,I,I,G,Q,Gly,Gln,Polar,Small Nonpolar,https://www.uniprot.org/uniprot/P38502,1G99,A,[148],485,2.5,1G99_A,148,https://www.rcsb.org/structure/1G99,https://www.uniprot.org/uniprot/P38502,,,,,,
2.7.2.1,P38502,METHANOSARCINA THERMOPHILA,UTP,310.15,G331Q,7.0,2.8,2.7.2.1_P38502_METHANOSARCINA THERMOPHILA_UTP_310.15_G331Q_7.0,0.0142,2.7.2.1_P38502_METHANOSARCINA THERMOPHILA_UTP_310.15_7.0,415.0,0.0027,14.92323816,10.81928506,4.103953099,17.5454401,14.46459568,3.080844419,-2.62220194,-3.64531062,1.02310868,4.103953099,I,I,I,G,Q,Gly,Gln,Polar,Small Nonpolar,https://www.uniprot.org/uniprot/P38502,1G99,A,[148],485,2.5,1G99_A,148,https://www.rcsb.org/structure/1G99,https://www.uniprot.org/uniprot/P38502,,,,,,
2.7.7.12,P07902,HOMO SAPIENS,ALPHA-D-GLUCOSE1-PHOSPHATE,310.15,D28Y,8.8,9.3,2.7.7.12_P07902_HOMO SAPIENS_alpha-D-glucose1-phosphate_310.15_D28Y_8.8,0.000121,2.7.7.12_P07902_HOMO SAPIENS_alpha-D-glucose1-phosphate_310.15_8.8,17.7,0.000159,11.24643399,11.01812127,0.228312724,16.80559565,16.40895365,0.396642004,-5.559161664,-5.390832385,-0.168329279,0.228312724,N,N,N,D,Y,Asp,Tyr,Polar,Charged,https://www.uniprot.org/uniprot/P07902,6GQD,A,[187],797,1.52,6GQD_A,186,https://www.rcsb.org/structure/6GQD,https://www.uniprot.org/uniprot/P07902,,,,,,
2.7.7.12,P07902,HOMO SAPIENS,UDP-ALPHA-D-GLUCOSE,310.15,D28Y,8.8,9.4,2.7.7.12_P07902_HOMO SAPIENS_UDP-alpha-D-glucose_310.15_D28Y_8.8,0.0004487,2.7.7.12_P07902_HOMO SAPIENS_UDP-alpha-D-glucose_310.15_8.8,13.6,8.16e-05,12.04758748,10.76938106,1.278206412,16.79900378,16.57135453,0.227649253,-4.751416307,-5.801973466,1.050557159,1.278206412,N,I,I,D,Y,Asp,Tyr,Polar,Charged,https://www.uniprot.org/uniprot/P07902,6GQD,A,[187],797,1.52,6GQD_A,186,https://www.rcsb.org/structure/6GQD,https://www.uniprot.org/uniprot/P07902,,,,,,
2.7.7.12,P07902,HOMO SAPIENS,UDP-ALPHA-D-GLUCOSE,310.15,F194L,8.8,2.5,2.7.7.12_P07902_HOMO SAPIENS_UDP-alpha-D-glucose_310.15_F194L_8.8,6.08e-05,2.7.7.12_P07902_HOMO SAPIENS_UDP-alpha-D-glucose_310.15_8.8,13.6,8.16e-05,11.63196514,10.76938106,0.862584073,17.61528844,16.57135453,1.043933915,-5.983323307,-5.801973466,-0.181349842,0.862584073,I,N,N,F,L,Phe,Leu,Bulky Nonpolar,Bulky Nonpolar,https://www.uniprot.org/uniprot/P07902,6GQD,A,[187],797,1.52,6GQD_A,186,https://www.rcsb.org/structure/6GQD,https://www.uniprot.org/uniprot/P07902,,,,,,
2.7.7.12,P07902,HOMO SAPIENS,UDP-ALPHA-D-GLUCOSE,310.15,R333G,8.8,0.98,2.7.7.12_P07902_HOMO SAPIENS_UDP-alpha-D-glucose_310.15_R333G_8.8,0.0002857,2.7.7.12_P07902_HOMO SAPIENS_UDP-alpha-D-glucose_310.15_8.8,13.6,8.16e-05,13.16284428,10.76938106,2.393463215,18.19248135,16.57135453,1.621126823,-5.029637073,-5.801973466,0.772336392,2.393463215,I,I,I,R,G,Arg,Gly,Small Nonpolar,Charged,https://www.uniprot.org/uniprot/P07902,6GQD,A,[187],797,1.52,6GQD_A,186,https://www.rcsb.org/structure/6GQD,https://www.uniprot.org/uniprot/P07902,,,,,,
2.7.7.53,P9WMK9,MYCOBACTERIUM TUBERCULOSIS,"P1,P4-BIS(5'-ADENOSYL)TETRAPHOSPHATE",310.15,S147A,7.6,0.48,"2.7.7.53_P9WMK9_MYCOBACTERIUM TUBERCULOSIS_P1,P4-bis(5'-adenosyl)tetraphosphate_310.15_S147A_7.6",7e-05,"2.7.7.53_P9WMK9_MYCOBACTERIUM TUBERCULOSIS_P1,P4-bis(5'-adenosyl)tetraphosphate_310.15_7.6",8.48,0.0001,12.73592156,11.18583823,1.550083327,18.63240002,16.86248573,1.769914283,-5.896478462,-5.676647506,-0.219830956,1.550083327,I,N,N,S,A,Ser,Ala,Small Nonpolar,Polar,https://www.uniprot.org/uniprot/P9WMK9,3ANO,B,[168],307,1.89,3ANO_B,153,https://www.rcsb.org/structure/3ANO,https://www.uniprot.org/uniprot/P9WMK9,,,,,,
2.7.7.53,P9WMK9,MYCOBACTERIUM TUBERCULOSIS,"P1,P4-BIS(5'-ADENOSYL)TETRAPHOSPHATE",310.15,S147T,7.6,1.49,"2.7.7.53_P9WMK9_MYCOBACTERIUM TUBERCULOSIS_P1,P4-bis(5'-adenosyl)tetraphosphate_310.15_S147T_7.6",0.00011,"2.7.7.53_P9WMK9_MYCOBACTERIUM TUBERCULOSIS_P1,P4-bis(5'-adenosyl)tetraphosphate_310.15_7.6",8.48,0.0001,12.3163458,11.18583823,1.130507571,17.93425038,16.86248573,1.07176465,-5.617904585,-5.676647506,0.058742921,1.130507571,I,N,N,S,T,Ser,Thr,Polar,Polar,https://www.uniprot.org/uniprot/P9WMK9,3ANO,B,[168],307,1.89,3ANO_B,153,https://www.rcsb.org/structure/3ANO,https://www.uniprot.org/uniprot/P9WMK9,,,,,,
2.8.2.37,P84151,MYCOBACTERIUM SMEGMATIS,"ALPHA,ALPHA-TREHALOSE",295.15,E33A,7.5,0.61,"2.8.2.37_P84151_MYCOBACTERIUM SMEGMATIS_alpha,alpha-trehalose_295.15_E33A_7.5",0.029,"2.8.2.37_P84151_MYCOBACTERIUM SMEGMATIS_alpha,alpha-trehalose_295.15_7.5",1.6,0.018,15.48504705,14.63973173,0.845315324,17.56161848,16.99603151,0.565586968,-2.076571427,-2.356299782,0.279728356,0.845315324,I,N,N,E,A,Glu,Ala,Small Nonpolar,Charged,https://www.uniprot.org/uniprot/P84151,1TEX,C,[56],382,2.6,1TEX_C,36,https://www.rcsb.org/structure/1TEX,https://www.uniprot.org/uniprot/P84151,,,,,,
2.8.2.37,P84151,MYCOBACTERIUM SMEGMATIS,"ALPHA,ALPHA-TREHALOSE",295.15,E36Q,7.5,0.017,"2.8.2.37_P84151_MYCOBACTERIUM SMEGMATIS_alpha,alpha-trehalose_295.15_E36Q_7.5",0.0064,"2.8.2.37_P84151_MYCOBACTERIUM SMEGMATIS_alpha,alpha-trehalose_295.15_7.5",1.6,0.018,16.69871462,14.63973173,2.05898289,19.66152553,16.99603151,2.665494013,-2.962810906,-2.356299782,-0.606511124,2.05898289,I,D,D,E,Q,Glu,Gln,Polar,Charged,https://www.uniprot.org/uniprot/P84151,1TEX,C,[56],382,2.6,1TEX_C,36,https://www.rcsb.org/structure/1TEX,https://www.uniprot.org/uniprot/P84151,,,,,,
